iter,Rtheta
1000,4.648710677146411
2000,4.175297784149446
3000,3.8840742875613907
4000,3.734720144422589
5000,3.606943073900256
6000,3.5440825274763426
7000,3.4781330266567476
8000,3.3641429876854905
9000,3.3213619697237164
10000,3.2689071965807996
11000,4.452375496483151
