iter,Rtheta
250,238.11764084847485
500,233.0592087641423
